﻿{
    "questions": {
        "b0e828f3-d126-4bc8-92ba-9b085af76702": {
            "id": "b0e828f3-d126-4bc8-92ba-9b085af76702",
            "text": "Welcome! Shell we start with the mock JavaScript Dev overview?",
            "topic": "",
            "special": false,
            "group": "MAIN",
            "rangeOptions": false,
            "options": [{
                    "text": "Yes",
                    "ref": "df157a2e-83b3-4de5-ba3c-75f26e975bd3"
                },
                {
                    "text": "No",
                    "ref": ""
                }
            ]
        },
        "25c65e41-01cd-4590-a154-45ee2b3380d4": {
            "id": "25c65e41-01cd-4590-a154-45ee2b3380d4",
            "text": "Choose between the following:",
            "topic": "",
            "special": false,
            "group": "df157a2e-83b3-4de5-ba3c-75f26e975bd3",
            "rangeOptions": false,
            "options": [{
                    "text": "Common questions",
                    "ref": "8e7b8b31-db9b-44c8-83ac-001789a20889"
                },
                {
                    "text": "Essential questions",
                    "ref": "7b53b113-011f-417d-b45b-62f239c17592"
                },
                {
                    "text": "Frequently asked",
                    "ref": "a7b15acf-8d54-40d8-a3ec-73d9014090ad"
                },
                {
                    "text": "Web programming",
                    "ref": "de2bec53-1ad5-447a-acbc-837024376fdf"
                },
                {
                    "text": "Front End Development",
                    "ref": "5992d126-b7b4-4a9e-8011-72cf33b1d0e8"
                },
                {
                    "text": "I'm not sure",
                    "ref": "4db99968-041c-42ed-b000-f711585835f9"
                }
            ]
        },
        "ad46d7e7-7548-4e08-ba2c-8180cdf5fdc8": {
            "id": "ad46d7e7-7548-4e08-ba2c-8180cdf5fdc8",
            "text": "Do you know what are the programming paradigms for JavaScript app developers?",
            "topic": "",
            "special": false,
            "group": "8e7b8b31-db9b-44c8-83ac-001789a20889",
            "rangeOptions": false,
            "options": [{
                    "text": "Yes",
                    "ref": "163e5907-5872-4f07-a417-a80cc5f27c20"
                },
                {
                    "text": "No",
                    "ref": "1ecd6bdc-72eb-4492-966d-e4e94c9a16ca"
                }
            ]
        },
        "2d4022e4-07ed-4a58-85d0-9fa04fa16b72": {
            "id": "2d4022e4-07ed-4a58-85d0-9fa04fa16b72",
            "text": "Do you know what is functional programming?",
            "topic": "",
            "special": false,
            "group": "7b53b113-011f-417d-b45b-62f239c17592",
            "rangeOptions": false,
            "options": [{
                    "text": "Yes",
                    "ref": "f45ccf38-d07c-4a61-a48a-c7d2474445ad"
                },
                {
                    "text": "No",
                    "ref": "0d481977-dd4c-4917-a896-3beb45a587a0"
                }
            ]
        },
        "b83b25a7-6daf-4d42-b31a-bae8c91b8f4a": {
            "id": "b83b25a7-6daf-4d42-b31a-bae8c91b8f4a",
            "text": "Do you know what is inheritance ?",
            "topic": "",
            "special": false,
            "group": "a7b15acf-8d54-40d8-a3ec-73d9014090ad",
            "rangeOptions": false,
            "options": [{
                    "text": "Yes",
                    "ref": "f3327fe5-f234-4042-ace4-d69f2427bec3"
                },
                {
                    "text": "No",
                    "ref": "9591beac-ed22-4920-bb48-e726993be631"
                }
            ]
        },
        "22ffe4bf-17d5-4410-95f1-65813656168a": {
            "id": "22ffe4bf-17d5-4410-95f1-65813656168a",
            "text": "Which of these paradigms important for JavaScript app developers?",
            "topic": "",
            "special": false,
            "group": "de2bec53-1ad5-447a-acbc-837024376fdf",
            "rangeOptions": false,
            "options": [{
                    "text": "Prototypal inheritance"
                },
                {
                    "text": "Functional programming"
                },
                {
                    "text": "Web designing"
                },
                {
                    "text": "Have no clue"
                }
            ]
        },
        "ad03f1a0-5a7a-4fa6-a406-2a2d221dde8a": {
            "id": "ad03f1a0-5a7a-4fa6-a406-2a2d221dde8a",
            "text": "Is JavaScript a case-sensitive language?",
            "topic": "",
            "special": false,
            "group": "5992d126-b7b4-4a9e-8011-72cf33b1d0e8",
            "rangeOptions": false,
            "options": [{
                    "text": "Yes",
                    "ref": "02f24d3f-48ad-4f46-8ef8-890a6c197d23"
                },
                {
                    "text": "No",
                    "ref": "a3218593-2009-4bfe-abfc-f0822518fcdf"
                }
            ]
        },
        "89372c2b-b90c-47f3-8c55-072972d731c3": {
            "id": "89372c2b-b90c-47f3-8c55-072972d731c3",
            "text": "Do 'forEach' method calls a function for each element in the array?",
            "topic": "",
            "special": false,
            "group": "4db99968-041c-42ed-b000-f711585835f9",
            "rangeOptions": false,
            "options": [{
                    "text": "Yes",
                    "ref": "61ea9dbf-5e48-4020-becc-e08a7d44d328"
                },
                {
                    "text": "No",
                    "ref": "6f819c50-0aa1-45a8-ac69-50ef27b6598c"
                }
            ]
        },
        "cffa1c90-8fb2-476f-a337-993f1fcbf460": {
            "id": "cffa1c90-8fb2-476f-a337-993f1fcbf460",
            "text": "Участвал ли си в някакви проекти/инициативи/или организации извън университета?",
            "topic": "",
            "special": false,
            "group": "df157a2e-83b3-4de5-ba3c-75f26e975bd3",
            "rangeOptions": false,
            "options": [{
                    "text": "Yes",
                    "ref": "a3e1de1c-98ec-4304-8467-3e012c535c31"
                },
                {
                    "text": "No",
                    "ref": ""
                }
            ]
        },
        "21fe16f5-816b-45b8-bb39-2f28bdc26ca6": {
            "id": "21fe16f5-816b-45b8-bb39-2f28bdc26ca6",
            "text": "Yesй ми повече информация за тях? Какво научи от тях?",
            "topic": "",
            "special": false,
            "group": "a3e1de1c-98ec-4304-8467-3e012c535c31",
            "rangeOptions": false,
            "options": [

            ]
        },
        "a848f3fa-9e43-442e-8bb5-7a4953a7a294": {
            "id": "a848f3fa-9e43-442e-8bb5-7a4953a7a294",
            "text": "Някога ражYesла ли ти се е иновативна идея? ",
            "topic": "",
            "special": false,
            "group": "df157a2e-83b3-4de5-ba3c-75f26e975bd3",
            "rangeOptions": false,
            "options": [{
                    "text": "Yes",
                    "ref": "1728a94b-9492-44f5-af2d-92aee3275528"
                },
                {
                    "text": "No",
                    "ref": ""
                }
            ]
        },
        "26277bcf-7236-4578-8804-e3997fff78df": {
            "id": "26277bcf-7236-4578-8804-e3997fff78df",
            "text": "Каква беше тя?",
            "topic": "",
            "special": false,
            "group": "1728a94b-9492-44f5-af2d-92aee3275528",
            "rangeOptions": false,
            "options": [

            ]
        },
        "f30c5351-be35-46bd-9144-6f3fffb729e3": {
            "id": "f30c5351-be35-46bd-9144-6f3fffb729e3",
            "text": "Кои беше любимият ти предмет в училище?",
            "topic": "",
            "special": false,
            "group": "df157a2e-83b3-4de5-ba3c-75f26e975bd3",
            "rangeOptions": false,
            "options": [

            ]
        },
        "b72a51e4-c465-4c58-8a87-b37ceca0ba7b": {
            "id": "b72a51e4-c465-4c58-8a87-b37ceca0ba7b",
            "text": "Какъв чужд език владееш?",
            "topic": "languages",
            "special": false,
            "group": "df157a2e-83b3-4de5-ba3c-75f26e975bd3",
            "rangeOptions": false,
            "options": [{
                    "text": "Английски"
                },
                {
                    "text": "Френски"
                },
                {
                    "text": "Noмски"
                },
                {
                    "text": "Испански"
                },
                {
                    "text": "Италиански"
                },
                {
                    "text": "No владея"
                }
            ]
        },
        "9d596c9d-79e0-4fe5-9c55-8bcfd1fc83cb": {
            "id": "9d596c9d-79e0-4fe5-9c55-8bcfd1fc83cb",
            "text": "С какво запълваш свободното си време? Какви са твоите хобита?",
            "topic": "",
            "special": false,
            "group": "df157a2e-83b3-4de5-ba3c-75f26e975bd3",
            "rangeOptions": false,
            "options": [

            ]
        },
        "7bcf8773-9723-494f-a31b-24dc984020ac": {
            "id": "7bcf8773-9723-494f-a31b-24dc984020ac",
            "text": "Опиши ни твоята работа-мечта?",
            "topic": "",
            "special": false,
            "group": "df157a2e-83b3-4de5-ba3c-75f26e975bd3",
            "rangeOptions": false,
            "options": [

            ]
        },
        "c8f60341-2e38-486c-afcb-38c4e00e9878": {
            "id": "c8f60341-2e38-486c-afcb-38c4e00e9878",
            "text": "В кой град искаш Yes работиш?",
            "topic": "city",
            "special": false,
            "group": "df157a2e-83b3-4de5-ba3c-75f26e975bd3",
            "rangeOptions": false,
            "options": [

            ]
        },
        "e920c3c4-78ba-4057-b108-821747c5a6b8": {
            "id": "e920c3c4-78ba-4057-b108-821747c5a6b8",
            "text": "„БлагоYesрим ти за отделеното време и внимание! Твоите цели и интереси са важни за нас. <br />Ако искаш специалист ЧР Yes преглеYes отговорите ти и Yes получиш шанс Yes се явиш на истинско интервю за работа, моля остави имейла си.“",
            "topic": "finish",
            "special": false,
            "group": "df157a2e-83b3-4de5-ba3c-75f26e975bd3",
            "rangeOptions": false,
            "options": [{
                    "text": "Yes",
                    "ref": ""
                },
                {
                    "text": "No",
                    "ref": ""
                }
            ]
        },
        "a8317f22-1c6f-4680-ad29-597976d9cf63": {
            "id": "a8317f22-1c6f-4680-ad29-597976d9cf63",
            "text": "Do you know what is the difference between classical inheritance and prototypal inheritance?",
            "topic": "",
            "special": false,
            "group": "163e5907-5872-4f07-a417-a80cc5f27c20",
            "rangeOptions": false,
            "options": [{
                    "text": "Yes",
                    "ref": "57602fd7-d964-4b73-8d34-301070134e59"
                },
                {
                    "text": "No",
                    "ref": ""
                }
            ]
        },
        "db9904a9-c3ef-4a08-880f-698b09b3d6a7": {
            "id": "db9904a9-c3ef-4a08-880f-698b09b3d6a7",
            "text": "Please, explain what is the difference between classical inheritance and prototypal inheritance?",
            "topic": "",
            "special": false,
            "group": "57602fd7-d964-4b73-8d34-301070134e59",
            "rangeOptions": false,
            "options": [

            ]
        },
        "d0eddf2f-5acd-48e8-9528-81355914b1b2": {
            "id": "d0eddf2f-5acd-48e8-9528-81355914b1b2",
            "text": "Кои са трите най-ценни Noща, които научи от своя опит до сега?",
            "topic": "",
            "special": false,
            "group": "57602fd7-d964-4b73-8d34-301070134e59",
            "rangeOptions": false,
            "options": [

            ]
        },
        "91dbf385-6ec3-452b-a203-aba4f0aeabef": {
            "id": "91dbf385-6ec3-452b-a203-aba4f0aeabef",
            "text": "По скалата от 1 до 5 как оценяваш своите комуникативни умения?",
            "topic": "",
            "special": false,
            "group": "57602fd7-d964-4b73-8d34-301070134e59",
            "rangeOptions": {
                "maxRange": 5,
                "rangeSteps": 2,
                "ranges": [
                    2,
                    5
                ],
                "rangeRefs": [
                    "a47e84fe-690b-405e-94ef-b0d59af2e279",
                    "c654a86e-1a90-4099-ac9d-34e72f3c5cc8"
                ]
            },
            "options": [

            ]
        },
        "0e9fa059-e636-423d-b351-af39b5d1169a": {
            "id": "0e9fa059-e636-423d-b351-af39b5d1169a",
            "text": "Как планираш Yes развиеш твоите комуникативни умения?",
            "topic": "",
            "special": false,
            "group": "a47e84fe-690b-405e-94ef-b0d59af2e279",
            "rangeOptions": false,
            "options": [

            ]
        },
        "829e6131-0ab0-44ec-8cb1-9b3394efd740": {
            "id": "829e6131-0ab0-44ec-8cb1-9b3394efd740",
            "text": "Yesй ни пример за това.",
            "topic": "",
            "special": false,
            "group": "c654a86e-1a90-4099-ac9d-34e72f3c5cc8",
            "rangeOptions": false,
            "options": [

            ]
        },
        "e93615ef-ffe3-4189-8f77-0e3c0156d5f2": {
            "id": "e93615ef-ffe3-4189-8f77-0e3c0156d5f2",
            "text": "What is asynchronous programming, and why is it important in JavaScript?",
            "topic": "",
            "special": false,
            "group": "1ecd6bdc-72eb-4492-966d-e4e94c9a16ca",
            "rangeOptions": false,
            "options": [

            ]
        },
        "1127db48-d6c9-4a36-845d-9d017b906bf9": {
            "id": "1127db48-d6c9-4a36-845d-9d017b906bf9",
            "text": "Do you know what are the pros and cons of functional programming?",
            "topic": "",
            "special": false,
            "group": "f45ccf38-d07c-4a61-a48a-c7d2474445ad",
            "rangeOptions": false,
            "options": [{
                    "text": "Yes",
                    "ref": "3c715044-76b1-48f1-bbcc-4bdae62cdddc"
                },
                {
                    "text": "No",
                    "ref": ""
                }
            ]
        },
        "4d8f4519-966c-4bbd-852a-06ddfa910d78": {
            "id": "4d8f4519-966c-4bbd-852a-06ddfa910d78",
            "text": "What are the pros and cons of functional programming vs object-oriented programming?",
            "topic": "",
            "special": false,
            "group": "3c715044-76b1-48f1-bbcc-4bdae62cdddc",
            "rangeOptions": false,
            "options": [

            ]
        },
        "725df6da-96f5-4a19-8d77-c3449050e255": {
            "id": "725df6da-96f5-4a19-8d77-c3449050e255",
            "text": "Кои са трите най-ценни Noща, които научи от своя опит до сега?",
            "topic": "",
            "special": false,
            "group": "3c715044-76b1-48f1-bbcc-4bdae62cdddc",
            "rangeOptions": false,
            "options": [

            ]
        },
        "fdb67181-c598-4906-be54-4da9b55244d2": {
            "id": "fdb67181-c598-4906-be54-4da9b55244d2",
            "text": "По скалата от 1 до 5 как оценяваш своите организационни умения?",
            "topic": "",
            "special": false,
            "group": "3c715044-76b1-48f1-bbcc-4bdae62cdddc",
            "rangeOptions": {
                "maxRange": 5,
                "rangeSteps": 2,
                "ranges": [
                    2,
                    5
                ],
                "rangeRefs": [
                    "bed9973b-4cdf-4a64-ade7-24a93f5f7bb6",
                    "ac869820-30a8-4e02-b37b-55a9be057160"
                ]
            },
            "options": [

            ]
        },
        "78e1ed0c-2e4c-4cb6-906c-67243b8e4720": {
            "id": "78e1ed0c-2e4c-4cb6-906c-67243b8e4720",
            "text": "Как планираш Yes развиеш твоите организационни умения?",
            "topic": "",
            "special": false,
            "group": "bed9973b-4cdf-4a64-ade7-24a93f5f7bb6",
            "rangeOptions": false,
            "options": [

            ]
        },
        "b55e8fb1-e300-40d5-9b5d-ca72ad78b7d0": {
            "id": "b55e8fb1-e300-40d5-9b5d-ca72ad78b7d0",
            "text": "Yesй ни пример за това.",
            "topic": "",
            "special": false,
            "group": "ac869820-30a8-4e02-b37b-55a9be057160",
            "rangeOptions": false,
            "options": [

            ]
        },
        "3918a0f5-4a8f-4cd4-9b2a-70f8a67a634b": {
            "id": "3918a0f5-4a8f-4cd4-9b2a-70f8a67a634b",
            "text": "Do you know when is prototypal inheritance an appropriate choice?",
            "topic": "",
            "special": false,
            "group": "f3327fe5-f234-4042-ace4-d69f2427bec3",
            "rangeOptions": false,
            "options": [{
                    "text": "Yes",
                    "ref": "b58bfa80-7f35-41e6-b8d1-401e19bba7dc"
                },
                {
                    "text": "No",
                    "ref": ""
                }
            ]
        },
        "9159ff30-5dc4-4e63-9fc9-2ee2e241d2b9": {
            "id": "9159ff30-5dc4-4e63-9fc9-2ee2e241d2b9",
            "text": "When is prototypal inheritance an appropriate choice?",
            "topic": "",
            "special": false,
            "group": "b58bfa80-7f35-41e6-b8d1-401e19bba7dc",
            "rangeOptions": false,
            "options": [

            ]
        },
        "340ddbac-f97e-4e16-bc20-fc782ebb7ac1": {
            "id": "340ddbac-f97e-4e16-bc20-fc782ebb7ac1",
            "text": "Кои са трите най-ценни Noща, които научи от своя опит до сега?",
            "topic": "",
            "special": false,
            "group": "b58bfa80-7f35-41e6-b8d1-401e19bba7dc",
            "rangeOptions": false,
            "options": [

            ]
        },
        "8fd60416-6f2c-479d-bb2e-f7999ba7609a": {
            "id": "8fd60416-6f2c-479d-bb2e-f7999ba7609a",
            "text": "По скалата от 1 до 5 как оценяваш своите аналитични умения?",
            "topic": "",
            "special": false,
            "group": "b58bfa80-7f35-41e6-b8d1-401e19bba7dc",
            "rangeOptions": {
                "maxRange": 5,
                "rangeSteps": 2,
                "ranges": [
                    2,
                    5
                ],
                "rangeRefs": [
                    "6d5f0116-f5b9-42bb-b20f-50f970d61b59",
                    "d978ac02-bac9-495d-94db-c91add779118"
                ]
            },
            "options": [

            ]
        },
        "9a28915d-01be-4d59-b9bd-010f29e15e6c": {
            "id": "9a28915d-01be-4d59-b9bd-010f29e15e6c",
            "text": "Как планираш Yes развиеш твоите аналитичниумения?",
            "topic": "",
            "special": false,
            "group": "6d5f0116-f5b9-42bb-b20f-50f970d61b59",
            "rangeOptions": false,
            "options": [

            ]
        },
        "4f567fee-0c3d-4c9c-bd4b-ab8efda71eda": {
            "id": "4f567fee-0c3d-4c9c-bd4b-ab8efda71eda",
            "text": "Yesй ни пример за това.",
            "topic": "",
            "special": false,
            "group": "d978ac02-bac9-495d-94db-c91add779118",
            "rangeOptions": false,
            "options": [

            ]
        },
        "67c41106-c018-4a81-8096-f67b6eaaa848": {
            "id": "67c41106-c018-4a81-8096-f67b6eaaa848",
            "text": "What is the difference between Local storage & Session storage?",
            "topic": "",
            "special": false,
            "group": "de2bec53-1ad5-447a-acbc-837024376fdf",
            "rangeOptions": false,
            "options": [

            ]
        },
        "3e4386d9-d492-4df4-a9d7-184320317318": {
            "id": "3e4386d9-d492-4df4-a9d7-184320317318",
            "text": "On a scale of 1 to 5, how did this course upgrade your skills?",
            "topic": "",
            "special": false,
            "group": "de2bec53-1ad5-447a-acbc-837024376fdf",
            "rangeOptions": {
                "maxRange": 5,
                "rangeSteps": 2,
                "ranges": [
                    2,
                    5
                ],
                "rangeRefs": [
                    "2695a342-7df2-49bb-87c7-62ad5909abd0",
                    "e754876f-53ca-4073-8b1e-116c93657932"
                ]
            },
            "options": [

            ]
        },
        "5aab55ed-7305-4a77-8347-8d1b3fc249cd": {
            "id": "5aab55ed-7305-4a77-8347-8d1b3fc249cd",
            "text": "Как планираш Yes развиеш твоите технически умения?",
            "topic": "",
            "special": false,
            "group": "2695a342-7df2-49bb-87c7-62ad5909abd0",
            "rangeOptions": false,
            "options": [

            ]
        },
        "70d0e1a3-479c-4342-a1fa-4e99c522dc9a": {
            "id": "70d0e1a3-479c-4342-a1fa-4e99c522dc9a",
            "text": "Yesй ни пример за това.",
            "topic": "",
            "special": false,
            "group": "e754876f-53ca-4073-8b1e-116c93657932",
            "rangeOptions": false,
            "options": [

            ]
        },
        "94d9a904-0e94-460a-a309-db5762f4f3cd": {
            "id": "94d9a904-0e94-460a-a309-db5762f4f3cd",
            "text": "Can you assign an anonymous function to a variable and pass it as an argument to another function?",
            "topic": "",
            "special": false,
            "group": "02f24d3f-48ad-4f46-8ef8-890a6c197d23",
            "rangeOptions": false,
            "options": [{
                    "text": "Yes",
                    "ref": "b2fea9c4-7d07-4d86-a9f1-e68e6229ca6e"
                },
                {
                    "text": "No",
                    "ref": ""
                }
            ]
        },
        "0398c875-2392-43f1-ab03-6d3fc61f79b3": {
            "id": "0398c875-2392-43f1-ab03-6d3fc61f79b3",
            "text": "Do you know what is one-way data binding flow?",
            "topic": "",
            "special": false,
            "group": "b2fea9c4-7d07-4d86-a9f1-e68e6229ca6e",
            "rangeOptions": false,
            "options": [{
                    "text": "Yes",
                    "ref": "4394d80b-f442-4e02-bcc7-20c686dd6a49"
                },
                {
                    "text": "No",
                    "ref": ""
                }
            ]
        },
        "d22467f4-f23d-49c3-a4f0-6a0f6293e2c5": {
            "id": "d22467f4-f23d-49c3-a4f0-6a0f6293e2c5",
            "text": "What are two-way data binding and one-way data flow, and how are they different?",
            "topic": "",
            "special": false,
            "group": "4394d80b-f442-4e02-bcc7-20c686dd6a49",
            "rangeOptions": false,
            "options": [

            ]
        },
        "f61defbd-3718-4cd8-84d2-534fb1d7438b": {
            "id": "f61defbd-3718-4cd8-84d2-534fb1d7438b",
            "text": "What does “favor object composition over class inheritance” mean?",
            "topic": "",
            "special": false,
            "group": "4394d80b-f442-4e02-bcc7-20c686dd6a49",
            "rangeOptions": false,
            "options": [

            ]
        },
        "e3b6c81e-7d96-4f00-95e8-c2b3e2498c83": {
            "id": "e3b6c81e-7d96-4f00-95e8-c2b3e2498c83",
            "text": "On a scale of 1 to 5, how did this course upgrade your skills?",
            "topic": "",
            "special": false,
            "group": "4394d80b-f442-4e02-bcc7-20c686dd6a49",
            "rangeOptions": {
                "maxRange": 5,
                "rangeSteps": 2,
                "ranges": [
                    2,
                    5
                ],
                "rangeRefs": [
                    "098d300d-3bf7-41e7-b25a-9e693704ba5a",
                    "71eabbc8-5085-43cb-8da6-0b9d594d0087"
                ]
            },
            "options": [

            ]
        },
        "60ff00fa-ea1b-46c7-b70a-95f838ff992a": {
            "id": "60ff00fa-ea1b-46c7-b70a-95f838ff992a",
            "text": "Как планираш Yes развиеш твоите лидерски умения?",
            "topic": "",
            "special": false,
            "group": "098d300d-3bf7-41e7-b25a-9e693704ba5a",
            "rangeOptions": false,
            "options": [

            ]
        },
        "2395ba4d-a6a6-42ee-b119-4634009e8ef2": {
            "id": "2395ba4d-a6a6-42ee-b119-4634009e8ef2",
            "text": "Yesй ни пример за това.",
            "topic": "",
            "special": false,
            "group": "71eabbc8-5085-43cb-8da6-0b9d594d0087",
            "rangeOptions": false,
            "options": [

            ]
        },
        "de25dd74-ce30-409c-883b-98ac27c8fa91": {
            "id": "de25dd74-ce30-409c-883b-98ac27c8fa91",
            "text": "How can you create an object in JavaScript?",
            "topic": "",
            "special": false,
            "group": "a3218593-2009-4bfe-abfc-f0822518fcdf",
            "rangeOptions": false,
            "options": [

            ]
        },
        "54afe01c-0eca-45c9-b9e5-17bcc4c63dba": {
            "id": "54afe01c-0eca-45c9-b9e5-17bcc4c63dba",
            "text": "What is Callback?",
            "topic": "",
            "special": false,
            "group": "9591beac-ed22-4920-bb48-e726993be631",
            "rangeOptions": false,
            "options": [

            ]
        },
        "495d93b7-f8bb-4d33-9050-493a239727bd": {
            "id": "495d93b7-f8bb-4d33-9050-493a239727bd",
            "text": "What are the pros and cons of monolithic vs microservice architectures?",
            "topic": "",
            "special": false,
            "group": "0d481977-dd4c-4917-a896-3beb45a587a0",
            "rangeOptions": false,
            "options": [

            ]
        },
        "02d6fd0e-b221-4ad0-9e82-b1df91e35c36": {
            "id": "02d6fd0e-b221-4ad0-9e82-b1df91e35c36",
            "text": "Is the result of 2+5+”3″ equal to 73?",
            "topic": "",
            "special": false,
            "group": "61ea9dbf-5e48-4020-becc-e08a7d44d328",
            "rangeOptions": false,
            "options": [{
                    "text": "Yes",
                    "ref": "1a671222-90de-4717-a8f8-dd9cb25dfdf2"
                },
                {
                    "text": "No",
                    "ref": ""
                }
            ]
        },
        "4e1dc552-e43d-4ee1-886d-c8c77e100e3a": {
            "id": "4e1dc552-e43d-4ee1-886d-c8c77e100e3a",
            "text": "What is a closure in JavaScript?",
            "topic": "",
            "special": false,
            "group": "1a671222-90de-4717-a8f8-dd9cb25dfdf2",
            "rangeOptions": false,
            "options": [

            ]
        },
        "6e1d48f7-43fc-4aae-8ce5-46af9ecce090": {
            "id": "6e1d48f7-43fc-4aae-8ce5-46af9ecce090",
            "text": "What is the value of typeof undefined == typeof NULL?",
            "topic": "",
            "special": false,
            "group": "1a671222-90de-4717-a8f8-dd9cb25dfdf2",
            "rangeOptions": false,
            "options": [

            ]
        },
        "63682356-1ddb-49a5-b23c-f35831317a99": {
            "id": "63682356-1ddb-49a5-b23c-f35831317a99",
            "text": "What are the data types supported by JavaScript?",
            "topic": "",
            "special": false,
            "group": "6f819c50-0aa1-45a8-ac69-50ef27b6598c",
            "rangeOptions": false,
            "options": [

            ]
        }
    },
    "i18n": {

    },
    "questionGroups": {
        "current": "61ea9dbf-5e48-4020-becc-e08a7d44d328",
        "groups": {
            "MAIN": {
                "name": "Main",
                "items": [
                    "b0e828f3-d126-4bc8-92ba-9b085af76702"
                ],
                "parent": ""
            },
            "df157a2e-83b3-4de5-ba3c-75f26e975bd3": {
                "name": "Start",
                "parent": "MAIN",
                "items": [
                    "25c65e41-01cd-4590-a154-45ee2b3380d4",
                    "cffa1c90-8fb2-476f-a337-993f1fcbf460",
                    "a848f3fa-9e43-442e-8bb5-7a4953a7a294",
                    "f30c5351-be35-46bd-9144-6f3fffb729e3",
                    "b72a51e4-c465-4c58-8a87-b37ceca0ba7b",
                    "9d596c9d-79e0-4fe5-9c55-8bcfd1fc83cb",
                    "7bcf8773-9723-494f-a31b-24dc984020ac",
                    "c8f60341-2e38-486c-afcb-38c4e00e9878",
                    "e920c3c4-78ba-4057-b108-821747c5a6b8"
                ]
            },
            "8e7b8b31-db9b-44c8-83ac-001789a20889": {
                "items": [
                    "ad46d7e7-7548-4e08-ba2c-8180cdf5fdc8"
                ],
                "name": "Start:Q(0):COMMON",
                "parent": "df157a2e-83b3-4de5-ba3c-75f26e975bd3"
            },
            "7b53b113-011f-417d-b45b-62f239c17592": {
                "items": [
                    "2d4022e4-07ed-4a58-85d0-9fa04fa16b72"
                ],
                "name": "Start:Q(0):ESSENTIAL",
                "parent": "df157a2e-83b3-4de5-ba3c-75f26e975bd3"
            },
            "a7b15acf-8d54-40d8-a3ec-73d9014090ad": {
                "items": [
                    "b83b25a7-6daf-4d42-b31a-bae8c91b8f4a"
                ],
                "name": "Start:Q(0):FREQUENTLY",
                "parent": "df157a2e-83b3-4de5-ba3c-75f26e975bd3"
            },
            "de2bec53-1ad5-447a-acbc-837024376fdf": {
                "items": [
                    "22ffe4bf-17d5-4410-95f1-65813656168a",
                    "67c41106-c018-4a81-8096-f67b6eaaa848",
                    "3e4386d9-d492-4df4-a9d7-184320317318"
                ],
                "name": "Start:Q(0):WEB",
                "parent": "df157a2e-83b3-4de5-ba3c-75f26e975bd3"
            },
            "5992d126-b7b4-4a9e-8011-72cf33b1d0e8": {
                "items": [
                    "ad03f1a0-5a7a-4fa6-a406-2a2d221dde8a"
                ],
                "name": "Start:Q(0):FRONT_END",
                "parent": "df157a2e-83b3-4de5-ba3c-75f26e975bd3"
            },
            "4db99968-041c-42ed-b000-f711585835f9": {
                "items": [
                    "89372c2b-b90c-47f3-8c55-072972d731c3"
                ],
                "name": "Start:Q(0):NOT_SURE",
                "parent": "df157a2e-83b3-4de5-ba3c-75f26e975bd3"
            },
            "a3e1de1c-98ec-4304-8467-3e012c535c31": {
                "items": [
                    "21fe16f5-816b-45b8-bb39-2f28bdc26ca6"
                ],
                "name": "Start:Main:Q(1):Yes",
                "parent": "df157a2e-83b3-4de5-ba3c-75f26e975bd3"
            },
            "1728a94b-9492-44f5-af2d-92aee3275528": {
                "items": [
                    "26277bcf-7236-4578-8804-e3997fff78df"
                ],
                "name": "Start:Main:Q(2):Yes",
                "parent": "df157a2e-83b3-4de5-ba3c-75f26e975bd3"
            },
            "163e5907-5872-4f07-a417-a80cc5f27c20": {
                "items": [
                    "a8317f22-1c6f-4680-ad29-597976d9cf63"
                ],
                "name": "Start:Q(0):COMMON:Start:Main:Q(0):Yes",
                "parent": "8e7b8b31-db9b-44c8-83ac-001789a20889"
            },
            "57602fd7-d964-4b73-8d34-301070134e59": {
                "items": [
                    "db9904a9-c3ef-4a08-880f-698b09b3d6a7",
                    "d0eddf2f-5acd-48e8-9528-81355914b1b2",
                    "91dbf385-6ec3-452b-a203-aba4f0aeabef"
                ],
                "name": "Start:Q(0):COMMON:Start:Main:Q(0):Yes:Start:Q(0):COMMON:Start:Main:Q(0):Yes",
                "parent": "163e5907-5872-4f07-a417-a80cc5f27c20"
            },
            "a47e84fe-690b-405e-94ef-b0d59af2e279": {
                "items": [
                    "0e9fa059-e636-423d-b351-af39b5d1169a"
                ],
                "name": "Start:Q(0):COMMON:Start:Main:Q(0):Yes:Start:Q(0):COMMON:Start:Main:Q(0):Yes:Start:Q(0):COMMON:Start:Main:Q(0):Yes:Start:Q(0):COMMON:Start:Main:Q(2):FROM_1_TO_2",
                "parent": "57602fd7-d964-4b73-8d34-301070134e59"
            },
            "c654a86e-1a90-4099-ac9d-34e72f3c5cc8": {
                "items": [
                    "829e6131-0ab0-44ec-8cb1-9b3394efd740"
                ],
                "name": "Start:Q(0):COMMON:Start:Main:Q(0):Yes:Start:Q(0):COMMON:Start:Main:Q(0):Yes:Start:Q(0):COMMON:Start:Main:Q(0):Yes:Start:Q(0):COMMON:Start:Main:Q(2):FROM_3_TO_5",
                "parent": "57602fd7-d964-4b73-8d34-301070134e59"
            },
            "1ecd6bdc-72eb-4492-966d-e4e94c9a16ca": {
                "items": [
                    "e93615ef-ffe3-4189-8f77-0e3c0156d5f2"
                ],
                "name": "Start:Q(0):COMMON:Start:Main:Q(0):No",
                "parent": "8e7b8b31-db9b-44c8-83ac-001789a20889"
            },
            "f45ccf38-d07c-4a61-a48a-c7d2474445ad": {
                "items": [
                    "1127db48-d6c9-4a36-845d-9d017b906bf9"
                ],
                "name": "Start:Q(0):ESSENTIAL:Start:Main:Q(0):Yes",
                "parent": "7b53b113-011f-417d-b45b-62f239c17592"
            },
            "3c715044-76b1-48f1-bbcc-4bdae62cdddc": {
                "items": [
                    "4d8f4519-966c-4bbd-852a-06ddfa910d78",
                    "725df6da-96f5-4a19-8d77-c3449050e255",
                    "fdb67181-c598-4906-be54-4da9b55244d2"
                ],
                "name": "Start:Q(0):ESSENTIAL:Start:Main:Q(0):Yes:Start:Q(0):ESSENTIAL:Start:Main:Q(0):Yes",
                "parent": "f45ccf38-d07c-4a61-a48a-c7d2474445ad"
            },
            "bed9973b-4cdf-4a64-ade7-24a93f5f7bb6": {
                "items": [
                    "78e1ed0c-2e4c-4cb6-906c-67243b8e4720"
                ],
                "name": "Start:Q(0):ESSENTIAL:Start:Main:Q(0):Yes:Start:Q(0):ESSENTIAL:Start:Main:Q(0):Yes:Start:Q(0):ESSENTIAL:Start:Main:Q(0):Yes:Start:Q(0):ESSENTIAL:Start:Main:Q(2):FROM_1_TO_2",
                "parent": "3c715044-76b1-48f1-bbcc-4bdae62cdddc"
            },
            "ac869820-30a8-4e02-b37b-55a9be057160": {
                "items": [
                    "b55e8fb1-e300-40d5-9b5d-ca72ad78b7d0"
                ],
                "name": "Start:Q(0):ESSENTIAL:Start:Main:Q(0):Yes:Start:Q(0):ESSENTIAL:Start:Main:Q(0):Yes:Start:Q(0):ESSENTIAL:Start:Main:Q(0):Yes:Start:Q(0):ESSENTIAL:Start:Main:Q(2):FROM_3_TO_5",
                "parent": "3c715044-76b1-48f1-bbcc-4bdae62cdddc"
            },
            "f3327fe5-f234-4042-ace4-d69f2427bec3": {
                "items": [
                    "3918a0f5-4a8f-4cd4-9b2a-70f8a67a634b"
                ],
                "name": "Start:Q(0):FREQUENTLY:Start:Main:Q(0):Yes",
                "parent": "a7b15acf-8d54-40d8-a3ec-73d9014090ad"
            },
            "b58bfa80-7f35-41e6-b8d1-401e19bba7dc": {
                "items": [
                    "9159ff30-5dc4-4e63-9fc9-2ee2e241d2b9",
                    "340ddbac-f97e-4e16-bc20-fc782ebb7ac1",
                    "8fd60416-6f2c-479d-bb2e-f7999ba7609a"
                ],
                "name": "Start:Q(0):FREQUENTLY:Start:Main:Q(0):Yes:Start:Q(0):FREQUENTLY:Start:Main:Q(0):Yes",
                "parent": "f3327fe5-f234-4042-ace4-d69f2427bec3"
            },
            "6d5f0116-f5b9-42bb-b20f-50f970d61b59": {
                "items": [
                    "9a28915d-01be-4d59-b9bd-010f29e15e6c"
                ],
                "name": "Start:Q(0):FREQUENTLY:Start:Main:Q(0):Yes:Start:Q(0):FREQUENTLY:Start:Main:Q(0):Yes:Start:Q(0):FREQUENTLY:Start:Main:Q(0):Yes:Start:Q(0):FREQUENTLY:Start:Main:Q(2):FROM_1_TO_2",
                "parent": "b58bfa80-7f35-41e6-b8d1-401e19bba7dc"
            },
            "d978ac02-bac9-495d-94db-c91add779118": {
                "items": [
                    "4f567fee-0c3d-4c9c-bd4b-ab8efda71eda"
                ],
                "name": "Start:Q(0):FREQUENTLY:Start:Main:Q(0):Yes:Start:Q(0):FREQUENTLY:Start:Main:Q(0):Yes:Start:Q(0):FREQUENTLY:Start:Main:Q(0):Yes:Start:Q(0):FREQUENTLY:Start:Main:Q(2):FROM_3_TO_5",
                "parent": "b58bfa80-7f35-41e6-b8d1-401e19bba7dc"
            },
            "2695a342-7df2-49bb-87c7-62ad5909abd0": {
                "items": [
                    "5aab55ed-7305-4a77-8347-8d1b3fc249cd"
                ],
                "name": "Start:Q(0):WEB:Start:Main:Q(2):FROM_1_TO_2",
                "parent": "de2bec53-1ad5-447a-acbc-837024376fdf"
            },
            "e754876f-53ca-4073-8b1e-116c93657932": {
                "items": [
                    "70d0e1a3-479c-4342-a1fa-4e99c522dc9a"
                ],
                "name": "Start:Q(0):WEB:Start:Main:Q(2):FROM_3_TO_5",
                "parent": "de2bec53-1ad5-447a-acbc-837024376fdf"
            },
            "02f24d3f-48ad-4f46-8ef8-890a6c197d23": {
                "items": [
                    "94d9a904-0e94-460a-a309-db5762f4f3cd"
                ],
                "name": "Start:Q(0):FRONT_END:Start:Main:Q(0):Yes",
                "parent": "5992d126-b7b4-4a9e-8011-72cf33b1d0e8"
            },
            "b2fea9c4-7d07-4d86-a9f1-e68e6229ca6e": {
                "items": [
                    "0398c875-2392-43f1-ab03-6d3fc61f79b3"
                ],
                "name": "Start:Q(0):FRONT_END:Start:Main:Q(0):Yes:Start:Q(0):FRONT_END:Start:Main:Q(0):Yes",
                "parent": "02f24d3f-48ad-4f46-8ef8-890a6c197d23"
            },
            "4394d80b-f442-4e02-bcc7-20c686dd6a49": {
                "items": [
                    "d22467f4-f23d-49c3-a4f0-6a0f6293e2c5",
                    "f61defbd-3718-4cd8-84d2-534fb1d7438b",
                    "e3b6c81e-7d96-4f00-95e8-c2b3e2498c83"
                ],
                "name": "Start:Q(0):FRONT_END:Start:Main:Q(0):Yes:Start:Q(0):FRONT_END:Start:Main:Q(0):Yes:Start:Q(0):FRONT_END:Start:Main:Q(0):Yes:Start:Q(0):FRONT_END:Start:Main:Q(0):Yes",
                "parent": "b2fea9c4-7d07-4d86-a9f1-e68e6229ca6e"
            },
            "098d300d-3bf7-41e7-b25a-9e693704ba5a": {
                "items": [
                    "60ff00fa-ea1b-46c7-b70a-95f838ff992a"
                ],
                "name": "Start:Q(0):FRONT_END:Start:Main:Q(0):Yes:Start:Q(0):FRONT_END:Start:Main:Q(0):Yes:Start:Q(0):FRONT_END:Start:Main:Q(0):Yes:Start:Q(0):FRONT_END:Start:Main:Q(0):Yes:Start:Q(0):FRONT_END:Start:Main:Q(0):Yes:Start:Q(0):FRONT_END:Start:Main:Q(0):Yes:Start:Q(0):FRONT_END:Start:Main:Q(0):Yes:Start:Q(0):FRONT_END:Start:Main:Q(2):FROM_1_TO_2",
                "parent": "4394d80b-f442-4e02-bcc7-20c686dd6a49"
            },
            "71eabbc8-5085-43cb-8da6-0b9d594d0087": {
                "items": [
                    "2395ba4d-a6a6-42ee-b119-4634009e8ef2"
                ],
                "name": "Start:Q(0):FRONT_END:Start:Main:Q(0):Yes:Start:Q(0):FRONT_END:Start:Main:Q(0):Yes:Start:Q(0):FRONT_END:Start:Main:Q(0):Yes:Start:Q(0):FRONT_END:Start:Main:Q(0):Yes:Start:Q(0):FRONT_END:Start:Main:Q(0):Yes:Start:Q(0):FRONT_END:Start:Main:Q(0):Yes:Start:Q(0):FRONT_END:Start:Main:Q(0):Yes:Start:Q(0):FRONT_END:Start:Main:Q(2):FROM_3_TO_5",
                "parent": "4394d80b-f442-4e02-bcc7-20c686dd6a49"
            },
            "a3218593-2009-4bfe-abfc-f0822518fcdf": {
                "items": [
                    "de25dd74-ce30-409c-883b-98ac27c8fa91"
                ],
                "name": "Start:Q(0):FRONT_END:Start:Main:Q(0):No",
                "parent": "5992d126-b7b4-4a9e-8011-72cf33b1d0e8"
            },
            "9591beac-ed22-4920-bb48-e726993be631": {
                "items": [
                    "54afe01c-0eca-45c9-b9e5-17bcc4c63dba"
                ],
                "name": "Start:Q(0):FREQUENTLY:Start:Main:Q(0):No",
                "parent": "a7b15acf-8d54-40d8-a3ec-73d9014090ad"
            },
            "0d481977-dd4c-4917-a896-3beb45a587a0": {
                "items": [
                    "495d93b7-f8bb-4d33-9050-493a239727bd"
                ],
                "name": "Start:Q(0):ESSENTIAL:Start:Main:Q(0):No",
                "parent": "7b53b113-011f-417d-b45b-62f239c17592"
            },
            "61ea9dbf-5e48-4020-becc-e08a7d44d328": {
                "items": [
                    "02d6fd0e-b221-4ad0-9e82-b1df91e35c36"
                ],
                "name": "Start:Q(0):NOT_SURE:Start:Main:Q(0):Yes",
                "parent": "4db99968-041c-42ed-b000-f711585835f9"
            },
            "1a671222-90de-4717-a8f8-dd9cb25dfdf2": {
                "items": [
                    "4e1dc552-e43d-4ee1-886d-c8c77e100e3a",
                    "6e1d48f7-43fc-4aae-8ce5-46af9ecce090"
                ],
                "name": "Start:Q(0):NOT_SURE:Start:Main:Q(0):Yes:Start:Q(0):NOT_SURE:Start:Main:Q(0):Yes",
                "parent": "61ea9dbf-5e48-4020-becc-e08a7d44d328"
            },
            "6f819c50-0aa1-45a8-ac69-50ef27b6598c": {
                "items": [
                    "63682356-1ddb-49a5-b23c-f35831317a99"
                ],
                "name": "Start:Q(0):NOT_SURE:Start:Main:Q(0):No",
                "parent": "4db99968-041c-42ed-b000-f711585835f9"
            }
        }
    }
}